{
  "Geometry": {
        "BoundingBox": {
          "Width": 0.5270240306854248,
          "Height": 0.019513912498950958,
          "Left": 0.2937504053115845,
          "Top": 0.19229701161384583
        },
        "Polygon": [
          {
            "X": 0.2937504053115845,
            "Y": 0.19230128824710846
          },
          {
            "X": 0.8207743167877197,
            "Y": 0.19229701161384583
          },
          {
            "X": 0.8207744359970093,
            "Y": 0.21180690824985504
          },
          {
            "X": 0.29375073313713074,
            "Y": 0.2118109166622162
          }
        ]
      }
}
