{
  "Geometry": {
        "BoundingBox": {
          "Width": 0.07602723687887192,
          "Height": 0.008720550686120987,
          "Left": 0.08714643120765686,
          "Top": 0.7636447548866272
        },
        "Polygon": [
          {
            "X": 0.08714644610881805,
            "Y": 0.7636447548866272
          },
          {
            "X": 0.16317366063594818,
            "Y": 0.7636454105377197
          },
          {
            "X": 0.163173645734787,
            "Y": 0.7723653316497803
          },
          {
            "X": 0.08714643120765686,
            "Y": 0.7723646759986877
          }
        ],
    "RotationAngle": 0
    }
}
